1 Instructivo Proceso Titulacion|DOCX|Titulación|11Ws0BvWH1eTxlsnX1qKixP00b-Wg6oa-
2 Cumplimiento RRA Titulacion Grado|DOCX|Titulación|1S30_Umu50elzYYpM3CA4izBoT9PPXk6H
ANEXO A SOLICITUD|DOCX|Prácticas|1ofDSR8BoxttD9BakdwZW0zvTS28b03nU
ANEXO B PLANIFICACION|DOCX|Prácticas|1xhz19fEv_1zFfyuZmqLF-2E7a8H1YUe-
ANEXO C EVALUACION HB|DOCX|Prácticas|1I0att3QwpjVMrPbHi3Kt8lDQ0N2zsNb0
ANEXO D AUTOEVALUACION|DOCX|Prácticas|1TS7aL8Ujw-9IJJkNCe8SbQNJ143MRDrz
ANEXO E INFORME|DOCX|Prácticas|1ivWGJnUq8y0J-OVOzNOGJU0VEsKHUXVD
ANEXO F CONSOLIDADO DOCENTE|XLSX|Prácticas|1B9VslVhf1xL11WodO74gDRVolTko1iS6
Cronograma General Titulacion|DOCX|Titulación|17DQJ-_qF4QX3M5NmPB38LMA7jjFHPNdr
Estrategias didácticas · Anexo 1 planificación|DOCX|Estrategias metodológicas|1p0iZH79u02dcPcey-nXohtkY0gTPg8jE
Estrategias didácticas · Anexo 2 informe final|DOCX|Estrategias metodológicas|1TB8IvbmByTCLU3_qn5VlS328NF0ArV8-
Estrategias didácticas · Formato carta invitacion|DOCX|Estrategias metodológicas|1ODbF-KEg58CcHL2BXsXDgKUkytf8xsHR
EVALUACION|DOCX|Ayudantías|1a6QxjNkWtWoeU9O9XWLVE_d2VIdIfKo0
Formato acta comisión carrera|DOCX|Otros formatos|1LtpKIDu_KdEyixXZGlN4TAHBCF8sOnQG
Formato acta comisión titulación|DOCX|Otros formatos|1E84RHLJyqMGykxYh5e_AzFGYcDoJdEdR
Formato acta monitoreo tutores|DOCX|Otros formatos|1AOzuobwOIkMrVVfcXJafCLleH72jHwMH
Formato acta tutores PAO|DOCX|Otros formatos|1DAsIWY3y2aFzjKNQ2yFmUM_BsrS_CL57
Formato Anteproyecto Articulo|DOCX|Titulación|19A_XOoFyAZrHZAttghIaGk0KtvRJE41T
Formato Anteproyecto Emprendimiento|DOCX|Titulación|1GQ5yKTe6iwPLItjGQGIk1nRlJeHIbDbL
Formato Anteproyecto Propuesta Tecnologica|DOCX|Titulación|162YUH5zaympuknvS-JT7F7nmQZzUBHm4
Formato Aprobacion 100porciento|DOCX|Titulación|1JATfiKSE3kr9x3vgY4ni3jRp0KxFYH8r
Formato auxiliar calificaciones electricidad|XLSX|Otros formatos|1B0w1sGpPE2-0wWXIUtqZPrDBkr6mBS-w
Formato hoja electricidad|DOCX|Otros formatos|1AWjlIM4tVMEf48vZusEW2FUA0hobD-gl
Formato imagen electricidad|PNG|Otros formatos|1HOWzrh94KJF330LcSQXEK4KOeWRW8dvR
Formato informe actividades complementarias estudiantiles|DOCX|Otros formatos|1mYlPJmvtWo5uDZpGswtKZXBRw8CLQWq3
Formato informe afinidad docente|DOCX|Otros formatos|1zYYeugt7xG4-J4WtcceFYy5n1I-1mSAz
Formato informe ambientes aprendizaje|DOCX|Otros formatos|1tPj70jAebJNWh-Zcbk0l5KqGCSAfLka6
Formato informe aulas virtuales|DOCX|Otros formatos|1JncNLvdF2D9o9tfJKzXd4bqTUod9AOse
Formato informe capacitación docente|DOCX|Otros formatos|1BoI2a9M4aaSUYOZkmczco4kCwmArmH8T
Formato informe capacitación estudiantes|DOCX|Otros formatos|1oeHmZN7ZcpDt6rnM69RgdEE2ftEVeMfu
Formato informe consolidado tutorías|DOCX|Otros formatos|1OMK33Ki-gK3INucdrIUSLkzpBLktp0jJ
Formato informe herramientas pedagógicas|DOCX|Otros formatos|1vTS3Wcu-OaCcxH-PvXstwrzGX32iaTn2
Formato informe nivelación refuerzo académico|DOCX|Otros formatos|1d1FTJ3AH-V3wtdXwLRog0-wMoVZ4zaXP
Formato informe practicas formativas|DOCX|Otros formatos|1eKmTHiExdmHl_UtoC-ryXts_gvKMUyfM
Formato informe resultados aprendizaje carrera|DOCX|Otros formatos|1XWKSqlJYV_aQElYqtoLIRLI1mYdiK-Dl
Formato informe rotación docente|DOCX|Otros formatos|1jY_VHVoVNPmOShQU0lLkrPaUiJA1pLzm
Formato informe seguimiento evaluación silabo|DOCX|Otros formatos|1FHwvDENQQYG-RY0qk8AFITZ3aG7T6yEd
Formato informe semestral gestión carrera|DOCX|Otros formatos|1Pc47OetQ3ebWHSxCJH3cZ5DWrzGluule
Formato informe TAC|DOCX|Otros formatos|1GGolU9WRHPOnyN3cxLseIJxi_0_lZ7VZ
Formato movilidad estudiantil|DOCX|Otros formatos|1GjLj2Y4lQhhFRO6qjrg0N5GPWAg_FeWl
Formato planificación académica gestión|DOCX|Otros formatos|1ITTFUm7wp_5gB0up6KxhhubXWRMCJ9EE
Formato planificación capacitación docente|DOCX|Otros formatos|1kTQJkOjX2k-9l9cjeKgCECk7pbAFD71d
Formato planificación capacitación estudiantes|DOCX|Otros formatos|1ZzzuabJHf6dLy-vP6l5RncbnB9M4GnzD
FORMATO POSTER FIE|DOCX|Titulación|1hzbXw4MHcUvjv8wcM3awABjtwNTj5lBc
Formato reactivos|DOCX|Otros formatos|15jDKnYQ3vfZsvknI3v7MdvZ8HtZSx5me
Formato reconocimiento estudiantil|DOCX|Otros formatos|1PcqiiLt9uXYGFsGS74M-toUbWTHIm99m
Formato reconocimientos profesores|DOCX|Otros formatos|1UXYdQXEj9CLPRGB_pondfTcCmvnIKvEj
Formato reporte ambientes aprendizaje|DOCX|Otros formatos|1qGI1_WjEN8FqEDSCQOrt3E8OMraZLR1S
Formato reporte aulas virtuales|DOCX|Otros formatos|1tVvtb03T-ExBoTf48lHQ1tzGnaKFGkea
Formato reporte seguimiento evaluación silabo|DOCX|Otros formatos|1i3Tb-McDqXDu9e1yG5t0IktgMQgZye9Y
Formato reporte tutorías|DOCX|Otros formatos|1F_2k5UejtwUT2kTsmPIwLsXvwwuvsLQl
Formato seguimiento practicas formativas|DOCX|Otros formatos|1rr06IWfUa_wDHKhzoieZM0yxmAcnlhZM
Giras y visitas · Anexo b planificación|DOCX|Giras|1r-kd8EnDo4nJshxjLsFeORvanspuuI-c
Giras y visitas · Anexo c compromiso estudiantil|DOCX|Giras|1rbowcFpdG8yE4oF9za4FM4_KNoSvQVzY
Giras y visitas · Anexo d informe gira visita carrera electricidad|DOCX|Giras|13OsqLI3_olN-gu2ok4N_WRIRxdm4RGgp
Giras y visitas · Carta compromiso docente|DOCX|Giras|1NUKi3shWKVfDsIaeI6P6_ZxjyKDI8qK7
Giras y visitas · Plantilla quipux solicitud transporte corregida|DOCX|Giras|1jsucwLkcVnrliispbj7m-Y-FYyP6Jhkp
Guia Normalizacion Escrito y Referencias IEEE|DOCX|Titulación|1TLCTFVbf34-AQEVb4G9wDIZ1N8Aw4fLV
GUIA PRESENTACION DOCUMENTACION|DOCX|Ayudantías|1Th3E2NqefEIiktHx92qWBRZMYkGXqkKt
Guia Producto Final Articulo Cientifico|DOCX|Titulación|1DQPhmaMI9kKbt_YaFQw_05g12H7_6GIn
Indice y Guia de Uso|DOCX|Solicitudes|1ap0Zi6hdTHgkktcVZ4s2aZUO2MlQhy61
INFORME FIN CICLO|DOCX|Ayudantías|1gtqd6JmPpCv9dnghL5kUwkyz7zhO5xqr
INFORME MEDIO CICLO|DOCX|Ayudantías|1u4a43mxFAJD0kijASRgImkYe0_vdOkr9
INFORME MENSUAL|DOCX|Ayudantías|1QtYmlbnSu1K5OD6LR4GvuTvoB4u7VWC7
Informe movilidad becas redes|DOCX|Otros formatos|1oQt8wP5FuiFFzBXQ8wq53ATs20FAcTiE
Informe trayectoria desarrollo docente|DOCX|Otros formatos|1RNiV03afrodiba39TM8beouhlvDUxZaV
INFORME TUTOR PARA CERTIFICACION|DOCX|Ayudantías|1ajvzo6mICC0Ejz8yclzzbVSVj8CWqgPs
Instrumento valoración ambientes y equipos|XLSX|Otros formatos|1UnNXS30KwLeahXzhJQ9Vd-_QItUR0OEN
Justificacion Inasistencia 6 a 20 dias|DOCX|Solicitudes|1R1lrDo-4yyxTl_pfRRh4gbk4lBob7hzy
Justificacion Inasistencia Examen Complexivo|DOCX|Solicitudes|1LW9hgQmUXJWOqhEn35P0KgSTECRZBjVH
Justificacion Inasistencia Gira|DOCX|Solicitudes|1P1ck6FfmhjfU39WXAKypXJEVSmv2kTJ0
Justificacion Inasistencia hasta 5 dias|DOCX|Solicitudes|12yt8bnBihW7s6toPXPBd4AYFVdCpkq49
Justificacion Inasistencia Sustentacion|DOCX|Solicitudes|1T9WCs7auefeslwEr2kevMAdbC3dWURsb
Listas Verificacion Proceso Titulacion|DOCX|Titulación|1Kkb-gIXHP5pNhga4C8p283pgp1BkRi9E
Organizacion Carpeta Procesos Titulacion|DOCX|Titulación|1SX1hDEVqR0tafo8TBpkxmVIVrVZy5xsF
PLANIFICACION|DOCX|Ayudantías|1cp091MCLVhs_25AtPb5kYC8OYiHItm2C
Plantilla Escrito Final Emprendimiento|DOCX|Titulación|1JWCTFdTZQPKFIsbGIAC1CaFBmo-s6xBn
Plantilla Escrito Final Propuesta Tecnologica|DOCX|Titulación|1bRsjR89X7PVpxc9teabjeG1844QZ3Wzb
Plantilla Presentacion Defensa Trabajo Titulacion|PPTX|Titulación|1tVFIUzDFYfLGQYB4R_HLtrLdWznIvrx5
Presentacion Proceso Titulacion|PPTX|Titulación|1mM0lzdgloA45b7VlOjR4YWvnxV6MV481
Recursos Oficiales IEEE|DOCX|Titulación|1FMVUak06P8KjwbLwRfwYOqZIzobrmBPI
Repositorio digital carrera|PNG|Otros formatos|1XoLM61XNBHQz7Xr-fevaaDIQHJPZydue
Rubrica Evaluacion Sustentacion|DOCX|Titulación|1nj3QmYMAXKsIY0Ifjv7iN6O9mevP6gEz
Rubricas Calificacion Trabajos Escritos|DOCX|Titulación|1yhiH36jyob0wscCJ_USZz1P_MDTWo43f
Rubricas Evaluacion Anteproyectos|DOCX|Titulación|1h_sIk46oVok-3TRqMbfNY-WbQ3a0kW1p
SOLICITUD|DOCX|Ayudantías|1qupYxguRicy8TBGGgNzmBVomlnKy9ZNG
Solicitud Adelanto Practicas Preprofesionales|DOCX|Solicitudes|1heRERgpdDWWFXuz2T8beqIrnae-O0D8q
Solicitud Concluir Proceso Titulacion|DOCX|Solicitudes|1E7KauWnfzX3vKlu3s7E3aNk1jtDF2oQj
Solicitud de Cambio Director Trabajo Titulacion|DOCX|Solicitudes|1kkbNbDD_GbReXHohM-j0spGuVwz0rfHh
Solicitud Devolucion Valores|DOCX|Solicitudes|1x07zhNu4c_fbwMTf0nlbYsbf1Yangs4L
Solicitud Evaluacion Medios Tecnologicos|DOCX|Solicitudes|1pWDYA6ghwUu6VHvkc9o2sjwX55jYflt-
Solicitud Examen Recuperacion Complexivo|DOCX|Solicitudes|1DTLpEasFRl3Z9OjJrvEtOwApcNIQWY9f
Solicitud Habilitacion Matricula Pendiente|DOCX|Solicitudes|1AwlOvbhAIbeXtFLlYKR9Uj0RkyyYpRkg
Solicitud Homologacion Asignaturas|DOCX|Solicitudes|1Mq6MlMMmScXX9Nv10p4ZA41yXghONeTJ
Solicitud Homologacion Practicas Preprofesionales|DOCX|Solicitudes|1j4GYNoTpe4v7KVjkDgnG93pk1waJRtwk
Solicitud Inicio Practicas Preprofesionales|DOCX|Solicitudes|1RotmrafYU5lEePmlQxCTNwQXX7KFM5l_
Solicitud Matricula Especial|DOCX|Solicitudes|1QcqbeHCYhVF0yxuIG6lVur1c25xoYJ6j
Solicitud Movilidad Excepcional Asignatura|DOCX|Solicitudes|1BBNx4fQmEUV8hsfLj9n_6K_6gm0TRUVb
Solicitud Nueva Fecha Sustentacion|DOCX|Solicitudes|1SlJwpFTclkSumuyXfgHq5NlyrHsRmjNa
Solicitud Recalificacion Evaluacion|DOCX|Solicitudes|131-rr5NF5IzzHHdEq4WZ07uHqzn6K4UY
Solicitud Recalificacion Examen Complexivo|DOCX|Solicitudes|1HS1DM4RmiRFdC1Rs9HXmJCb7sQdE0fC_
Solicitud Reingreso Carrera|DOCX|Solicitudes|1YhpeXV2tRFHjkUqoYclQgU48EHG3rLth
Solicitud Reingreso Modulo Titulacion|DOCX|Solicitudes|14ajDfKqPYIlGNKnfV_XFaizM2aCMDSfP
Solicitud Rendir Evaluacion Atrasada|DOCX|Solicitudes|1RRtOTZG6i4NtJeMnbXy-DYsO3hijhwLj
Solicitud Retiro Asignaturas|DOCX|Solicitudes|1MT3DEM38e4fb_1mNb0om8CJu6-Cr_FJx
Solicitud Retiro Matricula PAO|DOCX|Solicitudes|1zt1b3-CXhWipmBm0nejUaM7rNSs0_sXT
Solicitud Retiro Matricula PAO mas 20 dias|DOCX|Solicitudes|1vWFV6fFC0gl937yz0BlKRoyFUWLTQweT
Solicitud Sustentacion Individual|DOCX|Solicitudes|1fQX05rVqZla7Idp7PHGymdtzVH83MEZ7
Solicitud Tercera Matricula|DOCX|Solicitudes|14Vjkam0FKhWvGP5ES8WresonYVIMKwsc
